epoch,steps,cosine_pearson,cosine_spearman,euclidean_pearson,euclidean_spearman,manhattan_pearson,manhattan_spearman,dot_pearson,dot_spearman
0,-1,0.8617544007464628,0.8602754017643992,0.8244236392744961,0.8294307765929104,0.8238471824681739,0.8288635171532419,0.7995788611413562,0.805006205357804
1,-1,0.8707194999527595,0.8692584097270586,0.8329415261845572,0.8385922747395455,0.8325126273706718,0.837996988597808,0.8065687766867266,0.8123713410428152
2,-1,0.8715262596367647,0.8694504604541621,0.8340959639377673,0.8390427402082427,0.8337279475289031,0.8383307290413524,0.8050486435503269,0.8101821103356192
3,-1,0.8708577100577913,0.8689680048401567,0.8346850600240566,0.8388721404465335,0.8343048645898139,0.8382192371162234,0.8087949906054775,0.8128539641512501
